pks_straftat_bezeichnung;justiz_straftat_bezeichnung_mapped
(Vorsätzliche) Brandstiftung und Herbeiführen einer Brandgefahr §§ 306-306c, 306f Abs. 1 und 2 StGB;Straftaten im Straßenverkehr nach dem StGB
2;NICHT GEFUNDEN - BITTE MANUELL EINTRAGEN
Abbruch der Schwangerschaft §§ 218, 218b, 218c, 219a, 219b StGB;Verletzung der Unterhaltspflicht
Abbruch der Schwangerschaft §§ 218, 218b, 218c, 219b StGB;Verletzung der Unterhaltspflicht
Abbruch der Schwangerschaft §§ 218, 218b, 219a, StGB;Verletzung der Unterhaltspflicht
Abfallein- / -aus- und -durchfuhr § 326 Abs. 2 StGB;NICHT GEFUNDEN - BITTE MANUELL EINTRAGEN
Abgabe, Verabreichung oder Überlassung von Betäubungsmitteln an Minderjährige § 29a Abs. 1 Nr. 1, ggf. § 30 Abs. 1 Nr. 2 BtMG;Straftaten nach dem Betäubungsmittelgesetz
Abrechnungsbetrug;Betrug
Alle sonstigen Straftaten gemäß StGB - ohne Verkehrsdelikte -;Straftaten nach dem StGB (ohne Verkehr)
Alle sonstigen besonders schweren Fälle der Bestechlichkeit § 335 StGB;Gefährliche und schwere Körperverletzung
Alle sonstigen besonders schweren Fälle der Bestechung nach § 335 StGB;Straftaten im Straßenverkehr nach dem StGB
Alle übrigen (vorsätzlichen) Tötungen §§ 212, 213, 216, 217 StGB;NICHT GEFUNDEN - BITTE MANUELL EINTRAGEN
Allgemeine Verstöße § 29 BtMG (soweit nicht unter 7340 pp. zu erfassen);NICHT GEFUNDEN - BITTE MANUELL EINTRAGEN
Allgemeiner Verstoß mit Amphetamin und seinen Derivaten in Pulver- oder flüssiger sowie in Tabletten- bzw. Kapselform (Ecstasy);NICHT GEFUNDEN - BITTE MANUELL EINTRAGEN
Allgemeiner Verstoß mit Cannabis und Zubereitungen;Diebstahl und Unterschlagung
Allgemeiner Verstoß mit Heroin;Andere Vermögensdelikte
Allgemeiner Verstoß mit Kokain einschl. Crack;Gemeingefährliche einschl. Umweltstraftaten (o.V.)
Allgemeiner Verstoß mit LSD;Andere Vermögensdelikte
Allgemeiner Verstoß mit Methamphetamin in Pulver-, kristalliner oder flüssiger sowie in Tabletten- bzw. Kapselform;NICHT GEFUNDEN - BITTE MANUELL EINTRAGEN
Allgemeiner Verstoß mit NPS (BtMG);Andere Vermögensdelikte
Allgemeiner Verstoß mit sonstigen Betäubungsmitteln;Straftaten nach dem Betäubungsmittelgesetz
Angriff auf den Luft- und Seeverkehr § 316c StGB;Straftaten im Straßenverkehr nach dem StGB
Anlagebetrug § 263 StGB;Betrug
Arbeitsvermittlungsbetrug;Körperverletzung
Ausbeuten von Prostituierten § 180a StGB;Straftaten im Straßenverkehr nach dem StGB
Ausnutzen sexueller Neigung §§ 180, 180a, 181a, 184, 184a, 184b, 184c, 184d, 184e, 184f, 184g, 184k StGB;NICHT GEFUNDEN - BITTE MANUELL EINTRAGEN
Ausnutzen sexueller Neigung §§ 180, 180a, 181a, 184, 184a, 184b, 184c, 184e, 184f, 184g, 184k, 184l StGB;NICHT GEFUNDEN - BITTE MANUELL EINTRAGEN
Ausspähen, Abfangen von Daten einschl. Vorbereitungshandlungen und Datenhehlerei §§ 202a, 202b, 202c, 202d StGB;Straftaten im Straßenverkehr nach dem StGB
Bandenhehlerei von Kfz § 260 Abs. 1 Nr. 2 StGB;Sexueller Missbrauch von Kindern
Bankrott § 283 StGB;Straftaten nach dem StGB (ohne Verkehr)
Bedrohung § 241 StGB;Verletzung der Unterhaltspflicht
Begünstigung, Strafvereitelung (ohne Strafvereitelung im Amt), Hehlerei und Geldwäsche §§ 257, 258, 259-261 StGB;Straftaten im Straßenverkehr nach dem StGB
Beleidigung auf sexueller Grundlage §§ 185-187, 189 StGB;Sexueller Missbrauch von Kindern
Beleidigung §§ 185-187, 189 StGB;Vergewaltigung
Beraubung von Taxifahrern;Sexueller Missbrauch von Kindern
Bereitstellung von Geldmitteln oder anderen Vermögensgegenständen § 29 Abs. 1 Nr. 13 BtMG;Andere Vermögensdelikte
Beschädigung, Zerstörung oder Veränderung von Kulturgut § 83 Abs. 3 KGSG;Verletzung der Unterhaltspflicht
Besonders schwerer Fall des Bankrotts § 283a StGB;Schwerer Diebstahl
Bestechlichkeit - gewerbsmäßig oder als Mitglied einer Bande § 335 Abs. 2 Nr. 3 StGB;Straftaten im Straßenverkehr nach dem StGB
Bestechlichkeit im Gesundheitswesen;Gefährliche und schwere Körperverletzung
Bestechlichkeit und Bestechung im geschäftlichen Verkehr und im Gesundheitswesen §§ 299, 299a, 299b und 300 StGB;Straftaten im Straßenverkehr nach dem StGB
Bestechlichkeit und Bestechung § 299 StGB;Diebstahl und Unterschlagung
Bestechlichkeit und Bestechung, Vorteil großen Ausmaßes § 300 Satz 2 Nr. 1 StGB;Diebstahl und Unterschlagung
Bestechlichkeit und Bestechung, gewerbsmäßig oder als Mitglied einer Bande § 300 Satz 2 Nr. 2 StGB;Gefährliche und schwere Körperverletzung
Bestechlichkeit § 332 StGB;Straftaten im Straßenverkehr nach dem StGB
Bestechung - gewerbsmäßig oder als Mitglied einer Bande nach § 335 Abs. 2 Nr. 3 StGB;Straftaten im Straßenverkehr nach dem StGB
Bestechung im Gesundheitswesen;Straftaten nach dem Aufenthaltsgesetz
Bestechung § 334 StGB;Betrug
Betrug bzw. Computerbetrug mittels rechtswidrig erlangter Daten von Zahlungskarten §§ 263, 263a StGB;NICHT GEFUNDEN - BITTE MANUELL EINTRAGEN
Betrug bzw. Computerbetrug mittels rechtswidrig erlangter sonstiger unbarer Zahlungsmittel  §§ 263, 263a StGB;NICHT GEFUNDEN - BITTE MANUELL EINTRAGEN
Betrug bzw. Computerbetrug mittels rechtswidrig erlangter sonstiger unbarer Zahlungsmittel §§ 263, 263a StGB;NICHT GEFUNDEN - BITTE MANUELL EINTRAGEN
Betrug bzw. Computerbetrug mittels rechtswidrig erlangter unbarer Zahlungsmittel;NICHT GEFUNDEN - BITTE MANUELL EINTRAGEN
Betrug mittels rechtswidrig erlangter Zahlungskarten ohne PIN (Lastschriftverfahren);Straftaten ohne Straftaten im Straßenverkehr
Betrug und Untreue im Zusammenhang mit Beteiligungen und Kapitalanlagen (Wikri);Diebstahl und Unterschlagung
Betrug z.N.v. Versicherungen und Versicherungsmissbrauch §§ 263, 265 StGB;Gefährliche und schwere Körperverletzung
Betrug §§ 263, 263a, 264, 264a, 265, 265a-e StGB;NICHT GEFUNDEN - BITTE MANUELL EINTRAGEN
Betrügerisches Erlangen von Kfz §§ 263, 263a StGB;Sexueller Missbrauch von Kindern
Betäubungsmittelanbau, -herstellung und -handel §§ 30 Abs. 1 Nr. 1, 30a BtMG;Straftaten nach dem Betäubungsmittelgesetz
Brandstiftung und Herbeiführen einer Brandgefahr §§ 306-306d, 306f StGB;Straftaten im Straßenverkehr nach dem StGB
Computerbetrug (sonstiger) § 263a StGB (soweit nicht unter den Schlüsseln 511120, 511212, 516300, 516520, 516920, 517220, 517900, 518112 bzw. 518302 zu erfassen);NICHT GEFUNDEN - BITTE MANUELL EINTRAGEN
Computerbetrug mittels rechtswidrig erlangter Zahlungskarten mit PIN § 263a StGB;NICHT GEFUNDEN - BITTE MANUELL EINTRAGEN
Computerbetrug § 263a StGB;Körperverletzung
Computerkriminalität;Andere Vermögensdelikte
Cybercrime;NICHT GEFUNDEN - BITTE MANUELL EINTRAGEN
Datenveränderung, Computersabotage §§ 303a, 303b StGB;Straftaten nach dem Betäubungsmittelgesetz
Delikte im Zusammenhang mit Schwarzarbeitsbekämpfungsgesetz und Arbeitnehmerüberlassungsgesetz;Diebstahl und Unterschlagung
Diebstahl insgesamt;Diebstahl
Diebstahl insgesamt an/aus Kraftfahrzeugen;Straftaten insgesamt
Diebstahl insgesamt in/aus Banken, Sparkassen, Postfilialen und -agenturen und dergleichen;Diebstahl und Unterschlagung
Diebstahl insgesamt in/aus Boden-, Kellerräumen und Waschküchen;Diebstahl und Unterschlagung
Diebstahl insgesamt in/aus Dienst-, Büro-, Fabrikations-, Werkstatt- und Lagerräumen;Diebstahl und Unterschlagung
Diebstahl insgesamt in/aus Gaststätten, Kantinen, Hotels und Pensionen;Diebstahl und Unterschlagung
Diebstahl insgesamt in/aus Kiosken, Warenhäusern, Verkaufsräumen, Selbstbedienungsläden, Schaufenstern und Schaukästen darunter:;NICHT GEFUNDEN - BITTE MANUELL EINTRAGEN
Diebstahl insgesamt in/aus Kiosken, Warenhäusern, Verkaufsräumen, Selbstbedienungsläden, Schaufenstern, Schaukästen und Vitrinen darunter:;NICHT GEFUNDEN - BITTE MANUELL EINTRAGEN
Diebstahl insgesamt in/aus Wohnungen;Diebstahl und Unterschlagung
Diebstahl insgesamt in/aus überwiegend unbezogenen Neu- und Rohbauten und Baustellen;Diebstahl und Unterschlagung
Diebstahl insgesamt in/aus überwiegend unbezogenen Neu- und Rohbauten, Baubuden und Baustellen;Diebstahl und Unterschlagung
Diebstahl insgesamt und zwar:;Diebstahl und Unterschlagung
Diebstahl insgesamt von Antiquitäten, Kunst- und sakralen Gegenständen;Diebstahl und Unterschlagung
Diebstahl insgesamt von Betäubungsmitteln aus Apotheken;Straftaten nach dem Betäubungsmittelgesetz
Diebstahl insgesamt von Betäubungsmitteln aus Arztpraxen;Straftaten nach dem Betäubungsmittelgesetz
Diebstahl insgesamt von Betäubungsmitteln aus Krankenhäusern;Straftaten nach dem Betäubungsmittelgesetz
Diebstahl insgesamt von Betäubungsmitteln bei Herstellern und Großhändlern;Straftaten nach dem Betäubungsmittelgesetz
Diebstahl insgesamt von Fahrrädern einschl. unbefugte Ingebrauchnahme;Diebstahl und Unterschlagung
Diebstahl insgesamt von Kraftwagen einschl. unbefugte Ingebrauchnahme;Diebstahl und Unterschlagung
Diebstahl insgesamt von Mopeds und Krafträdern einschl. unbefugte Ingebrauchnahme;Diebstahl und Unterschlagung
Diebstahl insgesamt von Rezeptformularen zur Erlangung von Betäubungsmitteln;Straftaten nach dem Betäubungsmittelgesetz
Diebstahl insgesamt von Schusswaffen;Diebstahl und Unterschlagung
Diebstahl insgesamt von unbaren Zahlungsmitteln;Diebstahl und Unterschlagung
Diebstahl insgesamt von/aus Automaten;Diebstahl und Unterschlagung
Diebstahl ohne erschwerende Umstände §§ 242, 247, 248a-c StGB;Diebstahl und Unterschlagung
Diebstahl ohne erschwerende Umstände §§ 242, 247, 248a-c StGB und zwar:;Diebstahl und Unterschlagung
Diebstahl unter erschwerenden Umständen § 243, 244 StGB;Diebstahl und Unterschlagung
Diebstahl unter erschwerenden Umständen §§ 243-244a StGB;Diebstahl und Unterschlagung
Diebstahl unter erschwerenden Umständen §§ 243-244a StGB und zwar:;Diebstahl und Unterschlagung
Einfacher Diebstahl an/aus Kraftfahrzeugen;Schwerer Diebstahl
Einfacher Diebstahl in/aus Banken, Sparkassen, Postfilialen und -agenturen und dergleichen;Diebstahl und Unterschlagung
Einfacher Diebstahl in/aus Boden-, Kellerräumen und Waschküchen;Diebstahl und Unterschlagung
Einfacher Diebstahl in/aus Dienst-, Büro-, Fabrikations-, Werkstatt- und Lagerräumen;Gemeingefährliche einschl. Umweltstraftaten (o.V.)
Einfacher Diebstahl in/aus Gaststätten, Kantinen, Hotels und Pensionen;Andere Straftaten gegen die Person (ohne Verkehr)
Einfacher Diebstahl in/aus Kiosken, Warenhäusern, Verkaufsräumen, Selbstbedienungsläden, Schaufenstern und Schaukästen darunter:;NICHT GEFUNDEN - BITTE MANUELL EINTRAGEN
Einfacher Diebstahl in/aus Kiosken, Warenhäusern, Verkaufsräumen, Selbstbedienungsläden, Schaufenstern, Schaukästen und Vitrinen darunter:;NICHT GEFUNDEN - BITTE MANUELL EINTRAGEN
Einfacher Diebstahl in/aus Wohnungen;Schwerer Diebstahl
Einfacher Diebstahl in/aus überwiegend unbezogenen Neu- und Rohbauten und Baustellen;Diebstahl und Unterschlagung
Einfacher Diebstahl in/aus überwiegend unbezogenen Neu- und Rohbauten, Baubuden und Baustellen;Andere Straftaten gegen die Person (ohne Verkehr)
Einfacher Diebstahl von Antiquitäten, Kunst- und sakralen Gegenständen;Diebstahl und Unterschlagung
Einfacher Diebstahl von Betäubungsmitteln aus Apotheken;Straftaten nach dem Betäubungsmittelgesetz
Einfacher Diebstahl von Betäubungsmitteln aus Arztpraxen;Straftaten nach dem Betäubungsmittelgesetz
Einfacher Diebstahl von Betäubungsmitteln aus Krankenhäusern;Straftaten nach dem Betäubungsmittelgesetz
Einfacher Diebstahl von Betäubungsmitteln bei Herstellern und Großhändlern;Straftaten nach dem Betäubungsmittelgesetz
Einfacher Diebstahl von Fahrrädern einschl. unbefugte Ingebrauchnahme;Diebstahl und Unterschlagung
Einfacher Diebstahl von Kraftwagen einschl. unbefugte Ingebrauchnahme;Diebstahl und Unterschlagung
Einfacher Diebstahl von Mopeds und Krafträdern einschl. unbefugte Ingebrauchnahme;Diebstahl und Unterschlagung
Einfacher Diebstahl von Rezeptformularen zur Erlangung von Betäubungsmitteln;Straftaten nach dem Betäubungsmittelgesetz
Einfacher Diebstahl von Schusswaffen;Schwerer Diebstahl
Einfacher Diebstahl von unbaren Zahlungsmitteln;Diebstahl und Unterschlagung
Einfacher Diebstahl von/aus Automaten;Schwerer Diebstahl
Einfacher Ladendiebstahl;Schwerer Diebstahl
Einmietbetrug;Betrug
Einschleusen mit Todesfolge, gewerbs- und bandenmäßiges Einschleusen von Ausländern § 97 Aufenthaltsgesetz;Straftaten nach dem Aufenthaltsgesetz
Einschleusen von Ausländern § 96 Aufenthaltsgesetz;Straftaten nach dem Aufenthaltsgesetz
Einwirken auf Kinder § 176 Abs. 4 Nr. 3 und 4 StGB;Straftaten im Straßenverkehr nach dem StGB
Entziehung Minderjähriger § 235 StGB;Straftaten im Straßenverkehr nach dem StGB
Erpresserischer Menschenraub i.V.m. Raubüberfall auf Geld- und Werttransporte;Raub u. Erpressung,räuber. Angriff auf Kraftfahrer
Erpresserischer Menschenraub i.V.m. Raubüberfall auf Geldinstitute, Postfilialen und -agenturen;Raub u. Erpressung,räuber. Angriff auf Kraftfahrer
Erpresserischer Menschenraub i.V.m. Raubüberfall auf sonstige Kassenräume und Geschäfte;Raub u. Erpressung,räuber. Angriff auf Kraftfahrer
Erpresserischer Menschenraub § 239a StGB;Gefährliche und schwere Körperverletzung
Erpressung auf sexueller Grundlage;Sexueller Missbrauch von Kindern
Erpressung § 253 StGB;Raub u. Erpressung,räuber. Angriff auf Kraftfahrer
Erschleichen eines Aufenthaltstitels (§ 95 Abs. 2 Nr. 2 Aufenthaltsgesetz) durch unrichtige oder unvollständige Angaben oder Gebrauch eines so beschafften Aufenthaltstitels zur Täuschung im Rechtsverkehr;NICHT GEFUNDEN - BITTE MANUELL EINTRAGEN
Erschleichen von Leistungen § 265a StGB;Sexueller Missbrauch von Kindern
Euroschecks;NICHT GEFUNDEN - BITTE MANUELL EINTRAGEN
Exhibitionistische Handlungen und Erregung öffentlichen Ärgernisses §§ 183, 183a StGB;Straftaten gegen den Staat,die öffentliche Ordnung
Exhibitionistische/sexuelle Handlungen vor Kindern § 176 Abs. 4 Nr. 1 StGB;Sexueller Missbrauch von Kindern
Exhibitionistische/sexuelle Handlungen vor Kindern § 176a Abs. 1 Nr. 1 StGB;Sexueller Missbrauch von Kindern
Fahrlässige Körperverletzung § 229 StGB;Körperverletzung
Fahrlässige Tötung § 222 StGB;Verletzung der Unterhaltspflicht
Fahrlässige Tötung § 222 StGB - nicht i.V.m. Verkehrsunfall -;Straftaten nach dem StGB (ohne Verkehr)
Fehlerhafte Herstellung einer kerntechnischen Anlage § 312 StGB;Diebstahl und Unterschlagung
Freiheitsberaubung § 239 StGB;Sexueller Missbrauch von Kindern
Freisetzen ionisierender Strahlen § 311 StGB;Straftaten im Straßenverkehr nach dem StGB
Fälschung beweiserheblicher Daten, Täuschung im Rechtsverkehr bei Datenverarbeitung §§ 269, 270 StGB;Straftaten im Straßenverkehr nach dem StGB
Fälschung technischer Aufzeichnungen § 268 StGB;Verletzung der Unterhaltspflicht
Fälschung von Zahlungskarten mit oder ohne Garantiefunktion, Schecks und Wechseln §§ 152a, 152b StGB;NICHT GEFUNDEN - BITTE MANUELL EINTRAGEN
Fälschung von Zahlungskarten mit oder ohne Garantiefunktion, Schecks, Wechseln und anderen körperlichen unbaren Zahlungsinstrumenten §§ 152a, 152b StGB;NICHT GEFUNDEN - BITTE MANUELL EINTRAGEN
Fälschung zur Erlangung von Betäubungsmitteln;Straftaten nach dem Betäubungsmittelgesetz
Förderung sexueller Handlungen Minderjähriger oder Ausbeuten von Prostituierten §§ 180, 180a StGB;Sexueller Missbrauch von Kindern
Förderung sexueller Handlungen Minderjähriger § 180 StGB;Sexueller Missbrauch von Kindern
Gebrauch falscher Zahlungskarten mit oder ohne Garantiefunktion, Schecks und Wechsel §§ 152a, 152b StGB;NICHT GEFUNDEN - BITTE MANUELL EINTRAGEN
Gebrauch falscher Zahlungskarten mit oder ohne Garantiefunktion, Schecks, Wechsel und anderer körperlicher unbarer Zahlungsinstrumente §§ 152a, 152b StGB;NICHT GEFUNDEN - BITTE MANUELL EINTRAGEN
Gefährdung schutzbedürftiger Gebiete § 329 StGB;Gefährliche und schwere Körperverletzung
Gefährliche und schwere Körperverletzung auf Straßen, Wegen oder Plätzen;Gefährliche und schwere Körperverletzung
Gefährliche und schwere Körperverletzung, Verstümmelung weiblicher Genitalien §§ 224, 226, 226a, 231 StGB;Gefährliche und schwere Körperverletzung
Geiselnahme i.V.m. Raubüberfall auf Geld- und Werttransporte;Raub u. Erpressung,räuber. Angriff auf Kraftfahrer
Geiselnahme i.V.m. Raubüberfall auf Geldinstitute, Postfilialen und -agenturen;Diebstahl und Unterschlagung
Geiselnahme i.V.m. Raubüberfall auf sonstige Kassenräume und Geschäfte;Diebstahl und Unterschlagung
Geiselnahme § 239b StGB;Straftaten im Straßenverkehr nach dem StGB
Geld- und Wertzeichenfälschung einschl. Vorbereitungshandlungen §§ 146 außer Abs. 1 Nr. 3, 148, 149, 151, 152 StGB;Gemeingefährliche einschl. Umweltstraftaten (o.V.)
Geld- und Wertzeichenfälschung, Fälschung von Zahlungskarten mit oder ohne Garantiefunktion, Schecks und Wechseln §§ 146-149, 151, 152, 152a, 152b StGB;NICHT GEFUNDEN - BITTE MANUELL EINTRAGEN
Geld- und Wertzeichenfälschung, Fälschung von Zahlungskarten mit oder ohne Garantiefunktion, Schecks, Wechseln und anderen körperlichen unbaren Zahlungsinstrumenten sowie die Vorbereitung des Diebstahls und der Unterschlagung §§ 146-149, 151, 152, 152a, 152b, 152c StGB;NICHT GEFUNDEN - BITTE MANUELL EINTRAGEN
Geldkreditbetrug;Betrug
Geldwäsche, Verschleierung unrechtmäßig erlangter Vermögenswerte § 261 StGB;Andere Vermögensdelikte
Gemeingefährliche Vergiftung § 314 StGB;Gemeingefährliche einschl. Umweltstraftaten (o.V.)
Geschäftsmäßige Förderung der Selbsttötung;Straftaten gegen die sexuelle Selbstbestimmung
Gewaltdarstellung § 131 StGB;Vergewaltigung
Gewaltdarstellung, Inhalte an Personen unter 18 Jahren § 131 Abs. 1 Nr. 1b StGB;Straftaten im Straßenverkehr nach dem StGB
Gewaltdarstellung, Schriften an Personen unter 18 Jahren § 131 Abs. 1 Nr. 3 StGB;Straftaten im Straßenverkehr nach dem StGB
Gewaltkriminalität;Vergewaltigung
Gewerbs- und bandenmäßige Verleitung zur missbräuchlichen Asylantragstellung § 84a Asylgesetz;Diebstahl und Unterschlagung
Gewerbsmäßige Bandenhehlerei von Kfz § 260a StGB;Straftaten im Straßenverkehr nach dem StGB
Gewerbsmäßige Hehlerei von Kfz § 260 Abs. 1 Nr. 1 StGB;Sexueller Missbrauch von Kindern
Gewässerverunreinigung § 324 StGB;Körperverletzung
Gläubigerbegünstigung § 283c StGB;Vergewaltigung
Glücksspiel §§ 284, 285, 287 StGB;NICHT GEFUNDEN - BITTE MANUELL EINTRAGEN
Großviehdiebstahl;Diebstahl
Handtaschenraub;Mord und Totschlag
Hausfriedensbruch § 123 StGB;Straftaten im Straßenverkehr nach dem StGB
Hausfriedensbruch §§ 123, 124 StGB;Straftaten im Straßenverkehr nach dem StGB
Hehlerei von Kfz §§ 259-260a StGB;Sexueller Missbrauch von Kindern
Herbeiführen einer Explosion durch Kernenergie § 307 StGB;Straftaten im Straßenverkehr nach dem StGB
Herbeiführen einer Sprengstoffexplosion § 308 StGB;Straftaten im Straßenverkehr nach dem StGB
Illegale Ausfuhr von Kulturgut § 83 Abs. 1 Nr. 1, 2 und Abs. 2 KGSG;NICHT GEFUNDEN - BITTE MANUELL EINTRAGEN
Illegale Einfuhr von Kulturgut § 83 Abs. 1 Nr. 3 KGSG;NICHT GEFUNDEN - BITTE MANUELL EINTRAGEN
Illegale Verbringung gefährlicher Abfälle § 18a AbfVerbrG;Gemeingefährliche einschl. Umweltstraftaten (o.V.)
Illegale Verbringung nichtgefährlicher Abfälle § 18b AbfVerbrG;Gemeingefährliche einschl. Umweltstraftaten (o.V.)
Illegaler Handel mit Kulturgut § 83 Abs. 1 Nr. 4, 5 und Abs. 5 KGSG;NICHT GEFUNDEN - BITTE MANUELL EINTRAGEN
Insolvenzstraftaten gemäß StGB und Nebenstrafrecht (Wikri);Straftaten gegen den Staat,die öffentliche Ordnung
Insolvenzstraftaten §§ 283, 283a-d StGB;Straftaten im Straßenverkehr nach dem StGB
Insolvenzverschleppung § 15a InsO;Körperverletzung
Inverkehrbringen von Falschgeld §§ 146 Abs. 1 Nr. 3, 147, 151, 152 StGB;Straftaten im Straßenverkehr nach dem StGB
Inverkehrbringen, Erwerb und Besitz von Sexpuppen mit kindlichem Erscheinungsbild § 184l StGB;NICHT GEFUNDEN - BITTE MANUELL EINTRAGEN
Jagdwilderei § 292 StGB;Straftaten im Straßenverkehr nach dem StGB
Kapitalanlage- und Anlagebetrug;Diebstahl und Unterschlagung
Kinderhandel § 236 StGB;Andere Vermögensdelikte
Kindstötung § 217 StGB;Straftaten nach dem StGB (ohne Verkehr)
Kindstötung § 217 StGB (einschl. der unaufgeklärten Fälle der Tötung neugeborener Kinder);Straftaten nach dem Straßenverkehrsgesetz
Kreditbetrug § 265b StGB (im geschäftlichen Verkehr);Straftaten nach dem StGB (ohne Verkehr)
Krediterlangungsbetrug § 263 StGB;Körperverletzung
Kreditvermittlungsbetrug § 263 StGB;Körperverletzung
Körperverletzung im Amt § 340 StGB;Körperverletzung
Körperverletzung mit Todesfolge §§ 227, 231 StGB;Körperverletzung
Körperverletzung §§ 223-227, 229, 231 StGB;Körperverletzung
Ladendiebstahl insgesamt;Straftaten insgesamt
Landfriedensbruch §§ 125, 125a StGB;Straftaten im Straßenverkehr nach dem StGB
Leichtfertige Verursachung des Todes eines Anderen durch Abgabe pp. von Betäubungsmitteln § 30 Abs. 1 Nr. 3 BtMG;Straftaten nach dem Betäubungsmittelgesetz
Leistungsbetrug;Betrug
Leistungskreditbetrug;Betrug
Leistungskreditbetrug §§ 263, 263a StGB;Raub u. Erpressung,räuber. Angriff auf Kraftfahrer
Luftverunreinigung § 325 StGB;Vergewaltigung
Menschenhandel insgesamt;Straftaten insgesamt
Menschenhandel, Zwangsprostitution, Zwangsarbeit, Ausbeutung der Arbeitskraft und Ausbeutung unter Ausnutzung einer Freiheitsberaubung §§ 232, 232a, 232b, 233, 233a StGB;NICHT GEFUNDEN - BITTE MANUELL EINTRAGEN
Menschenraub § 234 StGB;Urkundenfälschung
Menschenraub, Entziehung Minderjähriger, Kinderhandel §§ 234, 235, 236 StGB;Straftaten im Straßenverkehr nach dem StGB
Missbrauch ionisierender Strahlen § 309 StGB;Sexueller Missbrauch von Kindern
Missbrauch von Scheck- und Kreditkarten § 266b StGB;Sexueller Missbrauch von Kindern
Missbräuchliche Nutzung von Telekommunikationsdiensten § 263a StGB;Sexueller Missbrauch von Kindern
Misshandlung von Kindern;Sexueller Missbrauch von Kindern
Misshandlung von Schutzbefohlenen § 225 StGB;Sexueller Missbrauch von Kindern
Mord im Zusammenhang mit Raubdelikten;Andere Vermögensdelikte
Mord im Zusammenhang mit Sexualdelikten;Andere Vermögensdelikte
Mord § 211 StGB;Mord und Totschlag
Mord § 211 StGB darunter:;Straftaten nach dem StGB (ohne Verkehr)
Mord, Totschlag und Tötung auf Verlangen;Mord und Totschlag
Nachmachen, Verfälschen, Verschaffen, Feilhalten oder Überlassen falscher Zahlungskarten mit oder ohne Garantiefunktion, Schecks und Wechsel §§ 152a, 152b StGB;NICHT GEFUNDEN - BITTE MANUELL EINTRAGEN
Nachmachen, Verfälschen, Verschaffen, Feilhalten oder Überlassen falscher Zahlungskarten mit oder ohne Garantiefunktion, Schecks, Wechsel und anderer körperlicher unbarer Zahlungsinstrumente §§ 152a, 152b StGB;NICHT GEFUNDEN - BITTE MANUELL EINTRAGEN
Nachstellung (Stalking) § 238 StGB;Verletzung der Unterhaltspflicht
Nötigung § 240 StGB;Vergewaltigung
Prospektbetrug (Kapitalanlagebetrug) § 264a StGB;Straftaten im Straßenverkehr nach dem StGB
Provisionsbetrug;Betrug
Raub zur Erlangung von Betäubungsmitteln;Straftaten nach dem Betäubungsmittelgesetz
Raub, räuberische Erpressung auf/gegen Geld- und Kassenboten;Raub u. Erpressung,räuber. Angriff auf Kraftfahrer
Raub, räuberische Erpressung auf/gegen Geld- und Werttransporte;Raub u. Erpressung,räuber. Angriff auf Kraftfahrer
Raub, räuberische Erpressung auf/gegen Geldinstitute (Banken/Sparkassen);Raub u. Erpressung,räuber. Angriff auf Kraftfahrer
Raub, räuberische Erpressung auf/gegen Geldinstitute, Postfilialen und -agenturen;Raub u. Erpressung,räuber. Angriff auf Kraftfahrer
Raub, räuberische Erpressung auf/gegen Postfilialen und -agenturen;Raub u. Erpressung,räuber. Angriff auf Kraftfahrer
Raub, räuberische Erpressung auf/gegen Spezialgeldtransportfahrzeuge;Raub u. Erpressung,räuber. Angriff auf Kraftfahrer
Raub, räuberische Erpressung auf/gegen Spielhallen;Raub u. Erpressung,räuber. Angriff auf Kraftfahrer
Raub, räuberische Erpressung auf/gegen Tankstellen;Raub u. Erpressung,räuber. Angriff auf Kraftfahrer
Raub, räuberische Erpressung auf/gegen sonstige Kassenräume und Geschäfte;Raub u. Erpressung,räuber. Angriff auf Kraftfahrer
Raub, räuberische Erpressung und räuberischer Angriff auf Kraftfahrer §§ 249-252, 255, 316a StGB;Raub u. Erpressung,räuber. Angriff auf Kraftfahrer
Raubmord;NICHT GEFUNDEN - BITTE MANUELL EINTRAGEN
Raubüberfälle in Wohnungen;Sexueller Missbrauch von Kindern
Rauschgiftdelikte (soweit nicht bereits mit anderer Schlüsselzahl erfasst);Straftaten nach dem Straßenverkehrsgesetz
Rauschgiftkriminalität darunter:;Diebstahl und Unterschlagung
Rohheitsdelikte und Straftaten gegen die persönliche Freiheit;Andere Straftaten gegen die Person (ohne Verkehr)
Räuberischer Angriff auf Kraftfahrer § 316a StGB;Raub u. Erpressung,räuber. Angriff auf Kraftfahrer
Sachbeschädigung an Kfz;Urkundenfälschung
Sachbeschädigung durch Graffiti insgesamt;Straftaten insgesamt
Sachbeschädigung §§ 303-305a StGB;NICHT GEFUNDEN - BITTE MANUELL EINTRAGEN
Schuldnerbegünstigung § 283d StGB;Vergewaltigung
Schwere Gefährdung durch Freisetzen von Giften § 330a StGB;Schwerer Diebstahl
Schwerer Diebstahl an/aus Kraftfahrzeugen;Schwerer Diebstahl
Schwerer Diebstahl in/aus Banken, Sparkassen, Postfilialen und -agenturen und dergleichen;Straftaten nach anderen Bundes- u. Landesgesetzen
Schwerer Diebstahl in/aus Boden-, Kellerräumen und Waschküchen;Schwerer Diebstahl
Schwerer Diebstahl in/aus Dienst-, Büro-, Fabrikations-, Werkstatt- und Lagerräumen;Schwerer Diebstahl
Schwerer Diebstahl in/aus Gaststätten, Kantinen, Hotels und Pensionen;Schwerer Diebstahl
Schwerer Diebstahl in/aus Kiosken, Warenhäusern, Verkaufsräumen, Selbstbedienungsläden, Schaufenstern und Schaukästen darunter:;Straftaten gegen die sexuelle Selbstbestimmung
Schwerer Diebstahl in/aus Kiosken, Warenhäusern, Verkaufsräumen, Selbstbedienungsläden, Schaufenstern, Schaukästen und Vitrinen darunter:;NICHT GEFUNDEN - BITTE MANUELL EINTRAGEN
Schwerer Diebstahl in/aus überwiegend unbezogenen Neu- und Rohbauten und Baustellen;Schwerer Diebstahl
Schwerer Diebstahl in/aus überwiegend unbezogenen Neu- und Rohbauten, Baubuden und Baustellen;Schwerer Diebstahl
Schwerer Diebstahl von Antiquitäten, Kunst- und sakralen Gegenständen;Schwerer Diebstahl
Schwerer Diebstahl von Betäubungsmitteln aus Apotheken;Straftaten nach dem Betäubungsmittelgesetz
Schwerer Diebstahl von Betäubungsmitteln aus Arztpraxen;Schwerer Diebstahl
Schwerer Diebstahl von Betäubungsmitteln aus Krankenhäusern;Straftaten nach dem Betäubungsmittelgesetz
Schwerer Diebstahl von Betäubungsmitteln bei Herstellern und Großhändlern;Straftaten nach dem Betäubungsmittelgesetz
Schwerer Diebstahl von Fahrrädern;Schwerer Diebstahl
Schwerer Diebstahl von Kraftwagen;Schwerer Diebstahl
Schwerer Diebstahl von Mopeds und Krafträdern;Schwerer Diebstahl
Schwerer Diebstahl von Rezeptformularen zur Erlangung von Betäubungsmitteln;Straftaten nach dem Betäubungsmittelgesetz
Schwerer Diebstahl von Schusswaffen;Schwerer Diebstahl
Schwerer Diebstahl von unbaren Zahlungsmitteln;Schwerer Diebstahl
Schwerer Diebstahl von/aus Automaten;Schwerer Diebstahl
Schwerer Hausfriedensbruch § 124 StGB;Schwerer Diebstahl
Schwerer Ladendiebstahl;Schwerer Diebstahl
Schwerer Sexueller Missbrauch von Kindern - Vollzug des Beischlafs mit einem Kind oder Vornahme einer ähnlichen sexuellen Handlung nach § 176c Abs. 1 Nr. 2 StGB;Sexueller Missbrauch von Kindern
Schwerer sexueller Missbrauch von Kindern - Herstellung und Verbreitung pornographischer Inhalte § 176c Abs. 2 StGB;Sexueller Missbrauch von Kindern
Schwerer sexueller Missbrauch von Kindern - mit schwerer körperlicher Misshandlung oder Gefahr des Todes § 176c Abs. 3 StGB;Sexueller Missbrauch von Kindern
Schwerer sexueller Missbrauch von Kindern - sonstige Begehungsweisen  § 176c Abs. 1 Nr. 1, 3, 4  StGB;Sexueller Missbrauch von Kindern
Schwerer sexueller Missbrauch von Kindern - sonstige Begehungsweisen gem. § 176c StGB;Sexueller Missbrauch von Kindern
Schwerer sexueller Missbrauch von Kindern - sonstige Begehungsweisen § 176c Abs. 1 Nr. 1, 3, 4 StGB;Sexueller Missbrauch von Kindern
Schwerer sexueller Missbrauch von Kindern zur Herstellung und Verbreitung pornografischer Schriften § 176a Abs. 3 StGB;Sexueller Missbrauch von Kindern
Sexualmord;Sexueller Missbrauch von Kindern
Sexuelle Belästigung § 184i StGB;Sexueller Missbrauch von Kindern
Sexuelle Handlungen § 176 Abs. 1 und 2 StGB;Sexueller Missbrauch von Kindern
Sexuelle Handlungen § 176 Abs. 4 Nr. 2 StGB;Sexueller Missbrauch von Kindern
Sexueller Missbrauch von Jugendlichen gegen Entgelt § 182 Abs. 2 StGB;Sexueller Missbrauch von Kindern
Sexueller Missbrauch von Jugendlichen § 182 StGB;Sexueller Missbrauch von Kindern
Sexueller Missbrauch von Kindern - Einwirken auf Kind durch pornographischen Inhalt oder entsprechende Reden § 176a Abs. 1 Nr. 3 StGB;Sexueller Missbrauch von Kindern
Sexueller Missbrauch von Kindern - Einwirken auf Kind zur Vorbereitung sex. Missbrauchs  § 176b Abs. 1 StGB;Sexueller Missbrauch von Kindern
Sexueller Missbrauch von Kindern - Einwirken auf Kind zur Vorbereitung sex. Missbrauchs § 176b Abs. 1 StGB;Sexueller Missbrauch von Kindern
Sexueller Missbrauch von Kindern - Einwirken auf Kinder ohne Körperkontakt mit dem Kind § 176a Abs. 1 Nr 3   i.V.m. Absatz 3 StGB;Sexueller Missbrauch von Kindern
Sexueller Missbrauch von Kindern - Einwirken auf Kinder ohne Körperkontakt mit dem Kind § 176a Abs. 1 Nr 3 i.V.m. Absatz 3 StGB;Sexueller Missbrauch von Kindern
"Sexueller Missbrauch von Kindern - Einwirken auf Kinder ohne Körperkontakt § 176a Abs. 1 Nr. 3; 176b Abs. 1 Nr. 1 und 2  StGB";Sexueller Missbrauch von Kindern
"Sexueller Missbrauch von Kindern - Einwirken auf Kinder ohne Körperkontakt § 176a Abs. 1 Nr. 3; 176b Abs. 1 Nr. 1 und 2 StGB";Sexueller Missbrauch von Kindern
Sexueller Missbrauch von Kindern - Täter bestimmt Kind, sexuelle Handlungen an sich selbst vorzunehmen § 176a Abs 1 Nr. 2 StGB;Sexueller Missbrauch von Kindern
Sexueller Missbrauch von Kindern - sexuelle Handlungen an Kind/durch Kind vornehmen lässt § 176 Abs 1 Nr. 1 und 2 StGB;Sexueller Missbrauch von Kindern
Sexueller Missbrauch von Kindern mit Todesfolge § 176b StGB;Sexueller Missbrauch von Kindern
Sexueller Missbrauch von Kindern mit Todesfolge § 176d StGB;Sexueller Missbrauch von Kindern
Sexueller Missbrauch von Kindern §§ 176, 176a, 176b StGB;Sexueller Missbrauch von Kindern
Sexueller Missbrauch von Kindern §§ 176-176e StGB;Sexueller Missbrauch von Kindern
Sexueller Missbrauch von Schutzbefohlenen pp., unter Ausnutzung einer Amtsstellung oder eines Vertrauensverhältnisses §§ 174, 174a-c StGB;Sexueller Missbrauch von Kindern
Sexueller Missbrauch §§ 176, 176a, 176b, 182, 183, 183a StGB;Sexueller Missbrauch von Kindern
Sexueller Missbrauch §§ 176-176e, 182, 183, 183a StGB;Sexueller Missbrauch von Kindern
Sexueller Übergriff und sexuelle Nötigung im besonders schweren Fall § 177 Abs. 1, 2, 4, 5 i. V. m. Abs. 6 Nr. 2, Abs. 7, 8 StGB;NICHT GEFUNDEN - BITTE MANUELL EINTRAGEN
Sexueller Übergriff und sexuelle Nötigung § 177 Abs. 1, 2, 4, 5, 9 StGB;Straftaten gegen die sexuelle Selbstbestimmung
Sexueller Übergriff, sexuelle Nötigung und Vergewaltigung mit Todesfolge § 178 StGB;Sexueller Missbrauch von Kindern
Softwarepiraterie;Straftaten insgesamt
Softwarepiraterie (private Anwendung z.B. Computerspiele);Straftaten ohne Straftaten im Straßenverkehr
Softwarepiraterie in Form gewerbsmäßigen Handelns;Straftaten im Straßenverkehr nach dem StGB
Sonstige Bandenhehlerei § 260 Abs. 1 Nr. 2 StGB;Straftaten im Straßenverkehr nach dem StGB
Sonstige Gewerbsmäßige Bandenhehlerei § 260a StGB;Straftaten im Straßenverkehr nach dem StGB
Sonstige Hehlerei §§ 259-260a StGB;Straftaten im Straßenverkehr nach dem StGB
Sonstige Raubüberfälle auf Straßen, Wegen oder Plätzen;Andere Straftaten gegen die Person (ohne Verkehr)
Sonstige Sachbeschädigung auf Straßen, Wegen oder Plätzen;Straftaten nach dem Straßenverkehrsgesetz
Sonstige Straftatbestände (StGB);Straftaten nach dem StGB (ohne Verkehr)
Sonstige Straftaten im Amt §§ 258a, 339-353d, 355, 357 StGB;Straftaten im Straßenverkehr nach dem StGB
Sonstige Straftaten nach dem StGB mit Umweltrelevanz;Straftaten nach dem Betäubungsmittelgesetz
Sonstige Verstöße gegen das Aufenthaltsgesetz;Straftaten nach dem Aufenthaltsgesetz
Sonstige Verstöße gegen das BtMG;Andere Vermögensdelikte
Sonstige gewerbsmäßige Hehlerei § 260 Abs. 1 Nr. 1 StGB;Straftaten im Straßenverkehr nach dem StGB
Sonstige weitere Betrugsarten;Straftaten nach dem Betäubungsmittelgesetz
Sonstiger Betrug;Betrug
Sonstiger Sexueller Missbrauch von Jugendlichen § 182 StGB;Sexueller Missbrauch von Kindern
Sonstiger Warenkreditbetrug;Straftaten gegen die sexuelle Selbstbestimmung
Sonstiger schwerer sexueller Missbrauch von Kindern § 176a StGB;Sexueller Missbrauch von Kindern
Sozialleistungsbetrug;Sexueller Missbrauch von Kindern
Sportwettbetrug und Manipulation von berufssportlichen Wettbewerben §§ 265c-e StGB;Straftaten gegen den Staat,die öffentliche Ordnung
Sprengstoff;Straftaten insgesamt
Sprengstoff- und Strahlungsverbrechen §§ 307-312 StGB;Straftaten im Straßenverkehr nach dem StGB
Strafbarer Eigennutz §§ 284, 285, 287-293, 297 StGB;Straftaten im Straßenverkehr nach dem StGB
Strafrechtliche Nebengesetze;Straftaten insgesamt
Straftaten auf dem Umwelt- und Verbraucherschutzsektor gemäß strafrechtlicher Nebengesetze;Straftaten nach anderen Bundes- u. Landesgesetzen
Straftaten aus Gruppen § 184j StGB;Straftaten im Straßenverkehr nach dem StGB
Straftaten gegen Bestimmungen zum Schutze der Jugend;Straftaten gegen die sexuelle Selbstbestimmung
Straftaten gegen das Aufenthalts-, das Asyl- und das Freizügigkeitsgesetz/EU;Straftaten nach dem Aufenthaltsgesetz
Straftaten gegen das Ausgangsstoffgesetz;Straftaten nach dem Betäubungsmittelgesetz
Straftaten gegen das Bundes- (oder Landes-) Datenschutzgesetz;Straftaten nach anderen Bundes- u. Landesgesetzen
Straftaten gegen das Kriegswaffenkontrollgesetz;Straftaten nach dem Aufenthaltsgesetz
Straftaten gegen das Leben;Straftaten gegen die sexuelle Selbstbestimmung
Straftaten gegen das Sprengstoff-, das Waffen- und das Kriegswaffenkontrollgesetz;Straftaten nach anderen Bundes- u. Landesgesetzen
Straftaten gegen das Sprengstoff-, das Waffen-, das Kriegswaffenkontrollgesetz und das Ausgangsstoffgesetz;Straftaten gegen den Staat,die öffentliche Ordnung
Straftaten gegen das Sprengstoffgesetz;Straftaten nach dem Straßenverkehrsgesetz
Straftaten gegen das Waffengesetz;Straftaten nach dem Aufenthaltsgesetz
Straftaten gegen die Umwelt §§ 324, 324a, 325-330a StGB;Straftaten gegen die sexuelle Selbstbestimmung
Straftaten gegen die persönliche Freiheit §§ 232-233a, 234, 235, 236, 237, 238-239b, 240, 241, 316c StGB;Andere Straftaten gegen die Person (ohne Verkehr)
Straftaten gegen die sexuelle Selbstbestimmung insgesamt;Straftaten gegen die sexuelle Selbstbestimmung
Straftaten gegen die sexuelle Selbstbestimmung §§ 174, 174a, 174b, 174c, 177, 178, 184i, 184j StGB;Straftaten gegen die sexuelle Selbstbestimmung
Straftaten gegen sonstige strafrechtliche Nebengesetze -ohne Verkehrsdelikte-;Andere Straftaten gegen die Person (ohne Verkehr)
Straftaten gegen strafrechtliche Nebengesetze auf dem Umwelt- und Verbraucherschutzsektor (neben Schlüssel 716000);Straftaten nach dem StGB (ohne Verkehr)
Straftaten gegen strafrechtliche Nebengesetze auf dem Wirtschaftssektor;Straftaten gegen die sexuelle Selbstbestimmung
Straftaten gegen § 24 des Passgesetzes;Straftaten nach anderen Bundes- u. Landesgesetzen
Straftaten gegen § 27 Abs. 1 des Jugendschutzgesetzes;Straftaten nach anderen Bundes- u. Landesgesetzen
Straftaten gegen § 27 Abs. 2 des Jugendschutzgesetzes;Straftaten nach anderen Bundes- u. Landesgesetzen
Straftaten gegen § 9 FreizügG/EU;Straftaten insgesamt
Straftaten gegen §§ 84, 85 Asylgesetz;Straftaten insgesamt
Straftaten gem. § 25 MedCanG;Straftaten insgesamt
Straftaten gem. § 34 KCanG;Straftaten insgesamt
Straftaten gemäß § 4 NpSG;Straftaten insgesamt
Straftaten i.V.m. dem Bankgewerbe sowie Wertpapierhandelsgesetz (Güd-Kreditwesen, BörsenG, DepotG, PfandBG, § 35 BundesbankG, ZAG);Straftaten nach dem Straßenverkehrsgesetz
Straftaten im Zusammenhang mit Lebens- und Arzneimitteln (z.B. Lebensmittel- und Futtermittelgesetzbuch, ArzneimittelG, WeinG);Straftaten nach anderen Bundes- u. Landesgesetzen
Straftaten im Zusammenhang mit Urheberrechtsbestimmungen (UrheberrechtsG, MarkenG, § 23 Abs. 1, 2 und 4 GeschGehG, DesignG,GebrauchsmusterG, KunsturheberrechtsG, PatentG, HalbleiterschutzG);NICHT GEFUNDEN - BITTE MANUELL EINTRAGEN
Straftaten insgesamt;Straftaten insgesamt
Straftaten insgesamt auf dem Umwelt- und  Verbraucherschutzsektor;Straftaten nach dem StGB (ohne Verkehr)
Straftaten insgesamt auf dem Umwelt- und Verbraucherschutzsektor;Straftaten nach dem StGB (ohne Verkehr)
Straftaten insgesamt, jedoch ohne Verstöße gegen das Aufenthalts-, das Asyl- und das Freizügigkeitsgesetz/EU (Schlüssel 725000);Straftaten nach dem Aufenthaltsgesetz
Straftaten nach AktG, GenG, GmbHG, HGB, RechnungslegungsG, UmwandlungsG, InsO;Straftaten nach dem Betäubungsmittelgesetz
Straftaten nach dem Abfallverbringungsgesetz (AbfVerbrG);Straftaten nach dem Aufenthaltsgesetz
Straftaten nach dem Anti-Doping-Gesetz (AntiDopG);Straftaten nach dem Aufenthaltsgesetz
Straftaten nach dem Arzneimittelgesetz (AMG);Straftaten nach dem Betäubungsmittelgesetz
Straftaten nach dem Bundesnaturschutz-, Tierschutz-, Bundesjagd- und PflanzenschutzG;Straftaten nach anderen Bundes- u. Landesgesetzen
Straftaten nach dem ChemikalienG;Straftaten nach dem Betäubungsmittelgesetz
Straftaten nach dem Infektionsschutz- und Tiergesundheitsgesetz;Straftaten nach dem Betäubungsmittelgesetz
Straftaten nach dem Kulturgutschutzgesetz (KGSG);Straftaten nach dem Aufenthaltsgesetz
Straftaten nach dem Lebensmittel- und Futtermittelgesetzbuch;Straftaten nach dem Betäubungsmittelgesetz
Straftaten nach dem Tierarzneimittelgesetz (TAMG);Straftaten nach dem Betäubungsmittelgesetz
Straftaten nach dem Weingesetz;Straftaten nach dem Aufenthaltsgesetz
Straßenkriminalität;Straftaten insgesamt
Subventionsbetrug § 264 StGB;Sexueller Missbrauch von Kindern
Tageswohnungseinbruch;Vergewaltigung
Tageswohnungseinbruchdiebstahl §§ 244 Abs. 1 Nr. 3 und Abs. 4, 244a StGB;NICHT GEFUNDEN - BITTE MANUELL EINTRAGEN
Tageswohnungseinbruchdiebstahl §§ 244 Abs. 1 Nr. 3, 244a StGB;NICHT GEFUNDEN - BITTE MANUELL EINTRAGEN
Taschendiebstahl insgesamt;Straftaten insgesamt
Totschlag und Tötung auf Verlangen §§ 212, 213, 216 StGB;NICHT GEFUNDEN - BITTE MANUELL EINTRAGEN
Umschuldungsbetrug;Betrug
Umweltstraftaten gemäß 29. Abschnitt des StGB;Straftaten im Straßenverkehr nach dem StGB
Unerlaubte Einfuhr in nicht geringer Menge von Amphetamin und seinen Derivaten in Pulver- oder flüssiger sowie in Tabletten- bzw. Kapselform (Ecstasy);NICHT GEFUNDEN - BITTE MANUELL EINTRAGEN
Unerlaubte Einfuhr in nicht geringer Menge von Cannabis und Zubereitungen;Gefährliche und schwere Körperverletzung
Unerlaubte Einfuhr in nicht geringer Menge von Heroin;Straftaten nach dem Aufenthaltsgesetz
Unerlaubte Einfuhr in nicht geringer Menge von Kokain einschl. Crack;Andere Straftaten gegen die Person (ohne Verkehr)
Unerlaubte Einfuhr in nicht geringer Menge von LSD;Straftaten nach dem Aufenthaltsgesetz
Unerlaubte Einfuhr in nicht geringer Menge von Methamphetamin in Pulver-, kristalliner oder flüssiger sowie in Tabletten- bzw. Kapselform;NICHT GEFUNDEN - BITTE MANUELL EINTRAGEN
Unerlaubte Einfuhr in nicht geringer Menge von NPS (BtMG);Straftaten nach dem Aufenthaltsgesetz
Unerlaubte Einfuhr in nicht geringer Menge von sonstigen Betäubungsmitteln;Straftaten nach dem Betäubungsmittelgesetz
Unerlaubte Einfuhr von Betäubungsmitteln § 30 Abs. 1 Nr. 4 BtMG (in nicht geringer Menge);Straftaten nach dem Betäubungsmittelgesetz
Unerlaubte Einreise § 95 Abs. 1 Nr. 3 und Abs. 2 Nr.1a Aufenthaltsgesetz;Straftaten nach dem Aufenthaltsgesetz
Unerlaubte Verschreibung und Verabreichung durch Ärzte § 29 Abs. 1 Nr. 6 BtMG;NICHT GEFUNDEN - BITTE MANUELL EINTRAGEN
Unerlaubte(r) Handel, Herstellung, Abgabe und Besitz in nicht geringer Menge von Betäubungsmitteln § 29a Abs. 1 Nr. 2 BtMG;Straftaten nach dem Betäubungsmittelgesetz
Unerlaubter Anbau von Betäubungsmitteln § 29 Abs. 1 Nr. 1 BtMG;Straftaten nach dem Betäubungsmittelgesetz
Unerlaubter Aufenthalt § 95 Abs. 1 Nr. 1, 2 und Abs. 2 Nr. 1b Aufenthaltsgesetz;Straftaten nach dem Aufenthaltsgesetz
Unerlaubter Handel mit und Schmuggel von  Methamphetamin in Pulver-, kristalliner oder flüssiger sowie in Tabletten- bzw. Kapselform;NICHT GEFUNDEN - BITTE MANUELL EINTRAGEN
Unerlaubter Handel mit und Schmuggel von Amphetamin und seinen Derivaten in Pulver- oder flüssiger sowie in Tabletten- bzw. Kapselform (Ecstasy);NICHT GEFUNDEN - BITTE MANUELL EINTRAGEN
Unerlaubter Handel mit und Schmuggel von Cannabis und Zubereitungen;Sexueller Missbrauch von Kindern
Unerlaubter Handel mit und Schmuggel von Heroin;Sexueller Missbrauch von Kindern
Unerlaubter Handel mit und Schmuggel von Kokain einschl. Crack;Sexueller Missbrauch von Kindern
Unerlaubter Handel mit und Schmuggel von LSD;Sexueller Missbrauch von Kindern
Unerlaubter Handel mit und Schmuggel von Methamphetamin in Pulver-, kristalliner oder flüssiger sowie in Tabletten- bzw. Kapselform;NICHT GEFUNDEN - BITTE MANUELL EINTRAGEN
Unerlaubter Handel mit und Schmuggel von NPS (BtMG);Straftaten nach anderen Bundes- u. Landesgesetzen
Unerlaubter Handel mit und Schmuggel von Rauschgiften § 29 BtMG;Sexueller Missbrauch von Kindern
Unerlaubter Handel mit und Schmuggel von sonstigen Betäubungsmitteln;Straftaten nach dem Betäubungsmittelgesetz
Unerlaubter Umgang mit Abfällen § 326 außer Abs. 2 StGB;Straftaten im Straßenverkehr nach dem StGB
Unerlaubter Umgang mit radioaktiven Stoffen und anderen gefährlichen Gütern § 328 StGB;Straftaten im Straßenverkehr nach dem StGB
Unerlaubtes Betreiben von Anlagen § 327 StGB;Straftaten im Straßenverkehr nach dem StGB
Unterschlagung von Kfz §§ 246, 247 StGB;Diebstahl und Unterschlagung
Unterschlagung §§ 246, 247, 248a StGB;Diebstahl und Unterschlagung
Untreue bei Kapitalanlagegeschäften;Urkundenfälschung
Untreue § 266 StGB;Straftaten nach dem StGB (ohne Verkehr)
Urkundenfälschung §§ 267-271, 273-279, 281 StGB;Urkundenfälschung
Verbreitung pornografischer Inhalte (Erzeugnisse) an Personen unter 18 Jahren § 184 Abs. 1 Nr. 1, 2, 5 StGB;Andere Straftaten gegen die Person (ohne Verkehr)
Verbreitung pornografischer Inhalte (Erzeugnisse) §§ 184, 184a, 184b, 184c, 184e StGB;Verletzung der Unterhaltspflicht
Verbreitung pornografischer Schriften (Erzeugnisse) an Personen unter 18 Jahren § 184 Abs. 1 Nr. 1, 2, 5 StGB;Andere Straftaten gegen die Person (ohne Verkehr)
Verbreitung pornografischer Schriften (Erzeugnisse) §§ 184, 184a, 184b, 184c, 184d, 184e StGB;NICHT GEFUNDEN - BITTE MANUELL EINTRAGEN
Verbreitung und Besitz von Anleitungen zu sexuellem Missbrauch von Kindern § 176e StGB;Sexueller Missbrauch von Kindern
Verbreitung, Erwerb, Besitz und Herstellung jugendpornografischer Inhalte § 184c StGB;Verletzung der Unterhaltspflicht
Verbreitung, Erwerb, Besitz und Herstellung jugendpornografischer Schriften § 184c StGB;NICHT GEFUNDEN - BITTE MANUELL EINTRAGEN
Verbreitung, Erwerb, Besitz und Herstellung kinderpornografischer Inhalte § 184b StGB;Verletzung der Unterhaltspflicht
Verbreitung, Erwerb, Besitz und Herstellung kinderpornografischer Schriften § 184b StGB;NICHT GEFUNDEN - BITTE MANUELL EINTRAGEN
Vergewaltigung § 177 Abs. 6, 7, 8 StGB;Vergewaltigung
Vergewaltigung, sexuelle Nötigung und sexueller Übergriff im besonders schweren Fall einschl. mit Todesfolge §§ 177, 178 StGB;NICHT GEFUNDEN - BITTE MANUELL EINTRAGEN
Verletzung der Buchführungspflicht § 283b StGB;Verletzung der Unterhaltspflicht
Verletzung der Fürsorge- oder Erziehungspflicht § 171 StGB;Verletzung der Unterhaltspflicht
Verletzung der Unterhaltspflicht § 170 StGB;Verletzung der Unterhaltspflicht
Verletzung des Dienstgeheimnisses § 353b StGB;Verletzung der Unterhaltspflicht
Verletzung des Intimbereichs durch Bildaufnahmen § 184k StGB;Verletzung der Unterhaltspflicht
Verletzung von Geschäftsgeheimnissen § 23 Abs. 1 Nr. 1, 2, Abs. 2 und 4 GeschGehG;Verletzung der Unterhaltspflicht
Verletzung von Geschäftsgeheimnissen § 23 Abs. 1 Nr. 3 und Abs. 4 GeschGehG;Verletzung der Unterhaltspflicht
Verletzung von Geschäftsgeheimnissen § 23 Abs. 3 GeschGehG, strafbare Werbung § 16 UWG;NICHT GEFUNDEN - BITTE MANUELL EINTRAGEN
Vermögens- und Fälschungsdelikte;Andere Vermögensdelikte
Versuch der Vorbereitung des sexuellen Missbrauchs von Kindern (Scheinkindkonstellation) § 176b Abs. 1 i.V.m. Abs. 3 StGB;Sexueller Missbrauch von Kindern
Versuch des Sexuellen Missbrauchs von Kindern ohne Körperkontakt mit dem Kind (Scheinkindkonstellation) § 176a Abs. 1 nr. 3 i.V.m. Abs. 3 StGB;Sexueller Missbrauch von Kindern
Veruntreuungen §§ 266, 266a, 266b StGB;Straftaten im Straßenverkehr nach dem StGB
Verursachen von Lärm, Erschütterungen und nichtionisierenden Strahlen § 325a StGB;Gefährliche und schwere Körperverletzung
Vollzug des Beischlafs mit einem Kind oder Vornahme einer ähnlichen sexuellen Handlung § 176a Abs. 2 Nr. 1 StGB;NICHT GEFUNDEN - BITTE MANUELL EINTRAGEN
Vorbereitung des Diebstahls (nach § 242 StGB) und der Unterschlagung  (nach § 246 StGB) von Zahlungskarten, Schecks, Wechseln und anderen körperlichen unbaren Zahlungsinstrumenten § 152c StGB;NICHT GEFUNDEN - BITTE MANUELL EINTRAGEN
Vorbereitung des Diebstahls (nach § 242 StGB) und der Unterschlagung (nach § 246 StGB) von Zahlungskarten, Schecks, Wechseln und anderen körperlichen unbaren Zahlungsinstrumenten § 152c StGB;NICHT GEFUNDEN - BITTE MANUELL EINTRAGEN
Vorbereitung des sexuellen Missbrauchs von Kindern gem § 176b Abs. 1, 3  StGB;Sexueller Missbrauch von Kindern
Vorbereitung des sexuellen Missbrauchs von Kindern gem § 176b Abs. 1, 3 StGB;Sexueller Missbrauch von Kindern
Vorbereitung eines Explosions- oder Strahlungsverbrechens § 310 StGB;Straftaten nach dem Straßenverkehrsgesetz
Vorenthalten und Veruntreuen von Arbeitsentgelt § 266a StGB;Straftaten im Straßenverkehr nach dem StGB
Vorsätzliche einfache Körperverletzung § 223 StGB;Gefährliche und schwere Körperverletzung
Vorteilsannahme § 331 StGB;Straftaten nach dem StGB (ohne Verkehr)
Vorteilsannahme, Bestechlichkeit §§ 331, 332, 335 StGB;Straftaten nach dem Betäubungsmittelgesetz
Vorteilsgewährung § 333 StGB;Straftaten im Straßenverkehr nach dem StGB
Vorteilsgewährung, Bestechung §§ 333, 334, 335 StGB;Straftaten im Straßenverkehr nach dem StGB
Vortäuschen einer Straftat § 145d StGB;Straftaten ohne Straftaten im Straßenverkehr
Vortäuschen eines Diebstahls;Schwerer Diebstahl
Vortäuschen eines Raubes;Straftaten insgesamt
Waren- und Warenkreditbetrug;Gefährliche und schwere Körperverletzung
Warenbetrug;Betrug
Wechselbetrug;Betrug
Weitere Straftaten mit Umweltrelevanz gemäß StGB;Straftaten im Straßenverkehr nach dem StGB
Werbung für Betäubungsmittel § 29 Abs. 1 Nr. 8 BtMG;Straftaten nach dem Betäubungsmittelgesetz
Wertpapierbetrug;Körperverletzung
Wettbewerbs-, Korruptions- und Amtsdelikte §§ 258a, 298-300, 331-353d, 355, 357 StGB;NICHT GEFUNDEN - BITTE MANUELL EINTRAGEN
Wettbewerbsbeschränkende Absprachen bei Ausschreibungen § 298 StGB;Straftaten im Straßenverkehr nach dem StGB
Wettbewerbsdelikte (Wikri);Andere Vermögensdelikte
Widerstand gegen und tätlicher Angriff auf Vollstreckungsbeamte und gleichstehende Personen §§ 113-115 StGB;Andere Straftaten gegen die Person (ohne Verkehr)
Widerstand gegen und tätlicher Angriff auf die Staatsgewalt und Straftaten gegen die öffentliche Ordnung §§ 111, 113-115, 120, 121, 123-127, 129, 130a-134, 136, 138, 140, 145, 145a, 145c, 145d StGB;Straftaten gegen den Staat,die öffentliche Ordnung
Widerstand gegen und tätlicher Angriff auf die Staatsgewalt und Straftaten gegen die öffentliche Ordnung §§ 111, 113-115, 120, 121, 123-129, 130a-134, 136, 138, 140, 145, 145a, 145c, 145d StGB;Straftaten gegen den Staat,die öffentliche Ordnung
Widerstand gegen und tätlicher Angriff auf die Staatsgewalt §§ 111, 113-115, 120, 121 StGB;Straftaten gegen den Staat,die öffentliche Ordnung
Wilderei §§ 292, 293 StGB;Straftaten im Straßenverkehr nach dem StGB
Wirtschaftskriminalität bei Betrug;Straftaten nach dem Betäubungsmittelgesetz
Wirtschaftskriminalität im Anlage- und Finanzierungsbereich pp.;Straftaten im Straßenverkehr nach dem StGB
Wirtschaftskriminalität im Zusammenhang mit Arbeitsverhältnissen;Straftaten im Straßenverkehr
Wirtschaftskriminalität und zwar:;Diebstahl und Unterschlagung
Wohnungseinbruchdiebstahl § 244 Abs. 1 Nr. 3 StGB darunter:;Diebstahl und Unterschlagung
Wohnungseinbruchdiebstahl §§ 244 Abs. 1 Nr. 3 und Abs. 4,  244a StGB;NICHT GEFUNDEN - BITTE MANUELL EINTRAGEN
Wohnungseinbruchdiebstahl §§ 244 Abs. 1 Nr. 3 und Abs. 4, 244a StGB;NICHT GEFUNDEN - BITTE MANUELL EINTRAGEN
Wohnungseinbruchdiebstahl §§ 244 Abs. 1 Nr. 3, 244a StGB;NICHT GEFUNDEN - BITTE MANUELL EINTRAGEN
Wucher § 291 StGB;Schwerer Diebstahl
Zechanschlussraub;Diebstahl und Unterschlagung
Zerstörung wichtiger Arbeitsmittel § 305a StGB;Gemeingefährliche einschl. Umweltstraftaten (o.V.)
Zuhälterei § 181a StGB;Straftaten im Straßenverkehr nach dem StGB
Zwangsheirat § 237 StGB;Straftaten nach dem StGB (ohne Verkehr)
Zwangsheirat, Nachstellung (Stalking), Freiheitsberaubung, Nötigung, Bedrohung §§ 237, 238, 239, 240, 241 StGB;NICHT GEFUNDEN - BITTE MANUELL EINTRAGEN
an Kraftfahrzeugen;Raub u. Erpressung,räuber. Angriff auf Kraftfahrer
direkte Beschaffungskriminalität;Straftaten nach dem Betäubungsmittelgesetz
in/aus Kiosken;Sexueller Missbrauch von Kindern
in/aus Kraftfahrzeugen;Raub u. Erpressung,räuber. Angriff auf Kraftfahrer
in/aus Schaufenstern, Schaukästen und Vitrinen;Straftaten im Straßenverkehr
in/aus Warenhäusern, Verkaufsräumen, Selbstbedienungsläden darunter:;Straftaten gegen die sexuelle Selbstbestimmung
in/aus Wohnräumen;NICHT GEFUNDEN - BITTE MANUELL EINTRAGEN
in/aus Wohnräumen darunter:;Verletzung der Unterhaltspflicht
sonstige Straftaten (Nebengesetze) auf dem Wirtschaftssektor (z.B. Rennwett- und LotterieG, § 23 Abs. 3 GeschGehG und UWG § 16, VersicherungsaufsichtsG, WirtschaftsstrafG, Gewerbeordnung);Straftaten gegen den Staat,die öffentliche Ordnung
von Sprengstoff;Straftaten insgesamt
von amtlichen Siegeln und Stempeln, Vordrucken für Ausweise und Kfz-Papiere;Straftaten nach dem StGB (ohne Verkehr)
Überweisungsbetrug §§ 263, 263a StGB;Raub u. Erpressung,räuber. Angriff auf Kraftfahrer
